name,address,number
嘉峪关照赐贸易有限公司,甘肃省 嘉峪关市 嘉文路 附近,13993777897
""",",甘肃省 嘉峪关市 镜铁西路 ,13993787271
""",",甘肃省 嘉峪关市 胜利中路 附近,15193495050
凯峪信诚电子商贸公司,甘肃省 嘉峪关市 明珠西路 ,13321266662
嘉峪关梅林商贸有限公司,甘肃省 嘉峪关市 明珠西路 ,13830165206
金峥嵘商贸有限公司,甘肃省 嘉峪关市 兰新东路 ,13993790885
嘉峪关纵横商贸有限责任公司,甘肃省 嘉峪关市 兰新西路 ,13993768121
甘肃省蓝之蓝商贸有限公司,甘肃省 嘉峪关市 体育大道 附近,13830730899
""",",甘肃省 嘉峪关市 迎宾东路 神码大厦 (朝晖小区西北),15293790915
嘉峪关市华磊商贸有限责任公司,甘肃省 嘉峪关市 五一南路 1436-2西北50米,13993757777
金福东城商贸有限公司,甘肃省 嘉峪关市 五一南路 2131-8号附近,15193792727
嘉峪关市源隆商贸有限责任公司,甘肃省 嘉峪关市 兰新西路 ,15352185500
拢金商贸有限责任公司,甘肃省 嘉峪关市 玉泉中路 东50米,13239406789
拢金商贸有限责任公司,甘肃省 嘉峪关市 玉泉中路 东50米,13519482088
嘉峪关鼎禾商贸有限责任公司,甘肃省 嘉峪关市 和诚西路 附近,18993798672
永立商贸有限公司,甘肃省 嘉峪关市 嘉兴东路 大众街北门51号,15393250199
鋆晨商贸有限公司,甘肃省 嘉峪关市 兰新东路 南,13893734522
""",",甘肃省 嘉峪关市 胜利中路 ,18893601868
""",",甘肃省 嘉峪关市 胜利中路 ,15693765666
康宇商贸公司,甘肃省 嘉峪关市 胜利中路 ,13993767017
恒瑞丰商贸有限公司,甘肃省 嘉峪关市 五一中路 五一街区89号楼下,13893791198
钢兴商贸有限公司,甘肃省 嘉峪关市 河口西路 永胜小区东南门,18509478080
甘肃红月商贸有限责任公司,甘肃省 嘉峪关市 胜利中路 ,18693771761
盛世通达商贸有限公司,甘肃省 嘉峪关市 嘉文路 C-5号,15309372345
嘉峪关市鑫顺祥商贸有限公司,甘肃省 嘉峪关市 共和南路 碧水绿洲小区11栋1单元602号,13830168108
嘉峪关市宏城商贸有限责任公司,甘肃省 嘉峪关市 文轩路 紫轩花苑(A区),15293479098
嘉峪关市兴邦商贸有限责任公司,甘肃省 嘉峪关市 河口西路 ,13993771657
嘉峪关西北汇商贸有限公司(产品体验店),甘肃省 嘉峪关市 新华北路 附近,18298970092
嘉峪关鑫华盛商贸有限责任公司,甘肃省 嘉峪关市 胜利中路 (中央公馆西门南侧),13619375559
嘉峪关市川元商贸有限责任公司,甘肃省 嘉峪关市 玉泉中路 玉泉路4号,13519481328
嘉峪关鼎禾商贸有限责任公司,甘肃省 嘉峪关市 东湖东路1788-76号附近,18993798672
云盛商贸有限公司,甘肃省 嘉峪关市 五一南路 朝阳街区8号楼下,13993782411
鑫顺达商贸有限公司,甘肃省 嘉峪关市 建设西路 ,18193771108
